exp,operadors,seed,h_inicial,h_final,temps_ms,nodes
1,SwapGroups,523,4476,2804,2707,7890,373,75
1,SwapGroups,87,4536,7195,2768,3112,238,73
1,SwapGroups,999,4272,6784,2589,7220,237,76
1,SwapGroups,341,4115,0386,2561,1216,205,59
1,SwapGroups,712,4194,9976,2878,0319,260,79
1,SwapGroups,65,4404,5209,2673,5934,297,94
1,SwapGroups,488,4783,4752,2986,2016,196,62
1,SwapGroups,230,4022,8575,2303,0540,268,85
1,SwapGroups,901,4556,2118,2936,8126,256,79
1,SwapGroups,144,4928,1206,2712,6523,270,82
1,SwapGroups,378,4529,2929,2945,2886,239,73
1,SwapGroups,654,4394,3470,2655,9217,212,69
1,SwapGroups,29,4559,8893,2697,8744,269,84
1,SwapGroups,810,4533,7369,2614,5057,289,90
1,SwapGroups,472,4436,0274,2589,4781,194,61
1,SwapGroups,193,4363,4087,2588,6519,248,78
1,SwapGroups,556,4308,0856,2681,6427,278,89
1,SwapGroups,721,4461,6924,2498,2723,266,84
1,SwapGroups,88,4418,0829,2806,0408,220,69
1,SwapGroups,402,4736,2363,2547,6500,240,72
1,SwapGroups,615,4372,7612,2400,9705,309,97
1,SwapGroups,777,4368,2227,2723,1092,313,97
1,SwapGroups,5,4249,9133,2888,3942,237,75
1,SwapGroups,268,4892,3016,2777,9660,249,76
1,SwapGroups,349,4453,8296,2859,7561,264,81
1,SwapGroups,920,4066,8267,2523,6549,269,85
1,SwapGroups,431,4298,6577,2652,3786,248,79
1,SwapGroups,602,4634,3454,2922,5324,219,68
1,SwapGroups,118,4423,8343,2560,5982,229,73
1,SwapGroups,745,4408,2882,2791,5359,282,89
1,SwapGroups,864,4398,1053,2550,6584,235,73
1,SwapGroups,52,4236,7193,2755,8192,245,78
1,SwapGroups,390,4544,9451,2769,0976,227,68
1,SwapGroups,281,4219,4437,2287,0055,267,83
1,SwapGroups,973,4355,5551,2383,9776,233,76
1,SwapGroups,167,4743,9834,2929,5029,233,72
1,SwapGroups,459,4467,6035,2602,5230,261,83
1,SwapGroups,630,4738,0674,2748,0662,280,85
1,SwapGroups,204,4470,0917,2716,7440,223,70
1,SwapGroups,851,4536,3848,2519,8856,264,80
1,SwapGroups,76,4328,7309,2717,3585,233,74
1,SwapGroups,538,4143,7962,2570,4135,226,71
1,SwapGroups,692,4204,7990,2938,2991,267,84
1,SwapGroups,314,4370,7491,2596,1820,265,82
1,SwapGroups,947,4531,3997,2481,7566,266,80
1,SwapGroups,183,4321,6196,2375,9976,276,86
1,SwapGroups,420,4610,5805,2713,3776,272,85
1,SwapGroups,559,4466,8999,2746,9098,287,89
1,SwapGroups,601,4380,3044,2936,6397,226,69
1,SwapGroups,732,4246,9182,2550,1870,269,85
1,SwapGroups,11,4188,0203,2714,3516,223,70
1,SwapGroups,298,4424,5020,2513,1071,300,93
1,SwapGroups,467,4541,6108,3021,0559,259,82
1,SwapGroups,825,4186,9332,2523,3752,245,79
1,SwapGroups,940,4320,3678,2641,1052,235,75
1,SwapGroups,156,4596,0893,2715,8283,231,71
1,SwapGroups,377,4306,4240,2720,7263,284,87
1,SwapGroups,688,4311,0369,2738,9410,240,75
1,SwapGroups,249,4233,2904,2610,9640,241,76
1,SwapGroups,563,4351,7908,2713,5475,239,72
1,SwapGroups,704,5198,7009,3255,2729,285,87
1,SwapGroups,92,4370,0155,2578,9230,255,80
1,SwapGroups,815,4561,4866,2688,9610,240,75
1,SwapGroups,333,4295,6965,2406,7754,223,72
1,SwapGroups,478,4289,7461,2592,3221,282,87
1,SwapGroups,690,4551,7204,2536,5209,259,81
1,SwapGroups,27,4170,3282,2509,1611,258,78
1,SwapGroups,954,4209,4421,2671,0179,274,85
1,SwapGroups,382,4508,3506,2423,5888,299,92
1,SwapGroups,611,4053,5665,2157,9337,244,78
1,SwapGroups,743,4549,3612,2725,9364,244,77
1,SwapGroups,159,4516,8542,2623,5285,289,89
1,SwapGroups,888,4213,0156,2366,9944,237,74
1,SwapGroups,266,4404,8493,2943,8017,275,85
1,SwapGroups,531,4198,3596,2526,0015,298,92
1,SwapGroups,679,4462,0202,2791,8340,272,84
1,SwapGroups,803,4346,0275,2671,7569,228,71
1,SwapGroups,47,4278,4502,3054,3454,177,57
1,SwapGroups,995,4643,4686,2699,9927,276,86
1,SwapGroups,214,4504,2909,2855,4785,223,70
1,SwapGroups,362,4664,4375,2990,5892,255,80
1,SwapGroups,580,4465,0212,2990,6534,204,65
1,SwapGroups,721,4276,6908,2639,5769,244,76
1,SwapGroups,134,4475,1705,2727,9869,299,80
1,SwapGroups,846,4568,7778,2648,5130,671,80
1,SwapGroups,271,4448,4275,2714,4380,521,74
1,SwapGroups,498,4447,7832,2433,7232,555,80
1,SwapGroups,617,4349,3345,2629,1374,640,91
1,SwapGroups,39,4160,5522,2355,9266,585,83
1,SwapGroups,902,4121,2859,2413,0782,547,78
1,SwapGroups,455,4663,2660,2955,9195,561,84
1,SwapGroups,768,4527,5606,2501,8143,682,96
1,SwapGroups,120,4506,8032,2338,4742,1024,102
1,SwapGroups,593,4206,8119,2379,8535,507,73
1,SwapGroups,834,4699,3633,2676,7741,665,95
1,SwapGroups,206,4204,9443,2722,4444,460,67
1,SwapGroups,319,4296,1920,2458,7132,589,85
1,SwapGroups,650,4559,8209,2643,2895,556,82
1,SwapGroups,77,4505,7079,2507,9855,539,77
1,SwapGroups,982,4425,4099,2617,2858,503,72
1,MoveGroup,523,4355,3609,2864,5718,171,83
1,MoveGroup,87,4277,5250,2835,4884,118,76
1,MoveGroup,999,4528,9695,2958,3583,80,52
1,MoveGroup,341,4085,7298,2782,8204,85,56
1,MoveGroup,712,4166,0334,3113,5629,88,57
1,MoveGroup,65,4477,4331,2911,6174,98,64
1,MoveGroup,488,4649,7288,3157,0458,84,57
1,MoveGroup,230,4129,5825,2622,2842,87,55
1,MoveGroup,901,4653,3377,3173,3246,111,72
1,MoveGroup,144,4751,6067,2839,8361,130,77
1,MoveGroup,378,4195,5726,3174,2217,71,49
1,MoveGroup,654,4287,2369,2754,6056,103,68
1,MoveGroup,29,4516,8816,2782,2325,110,70
1,MoveGroup,810,4579,3298,2835,1223,111,70
1,MoveGroup,472,4245,1615,2693,4379,92,62
1,MoveGroup,193,4122,8782,2827,1834,77,53
1,MoveGroup,556,4237,2685,3035,0776,87,60
1,MoveGroup,721,4419,4468,2925,1601,103,67
1,MoveGroup,88,4639,9080,3005,2093,124,76
1,MoveGroup,402,4489,4925,2827,6226,90,60
1,MoveGroup,615,4201,1321,2879,8983,83,55
1,MoveGroup,777,4525,7874,2957,2571,129,78
1,MoveGroup,5,4263,5418,2935,3160,101,60
1,MoveGroup,268,4601,0642,2847,6479,100,63
1,MoveGroup,349,4448,1338,3023,7502,118,81
1,MoveGroup,920,4126,4833,2735,6782,77,54
1,MoveGroup,431,4500,9990,2997,2721,92,63
1,MoveGroup,602,4515,9947,2969,8340,110,75
1,MoveGroup,118,4322,5169,2873,9571,77,53
1,MoveGroup,745,4463,1096,2905,5763,111,72
1,MoveGroup,864,4226,9640,2896,4178,74,49
1,MoveGroup,52,4036,7464,3108,9747,75,47
1,MoveGroup,390,4798,7989,2857,7459,135,84
1,MoveGroup,281,4257,7944,2692,5129,95,66
1,MoveGroup,973,4229,1012,2755,1612,98,57
1,MoveGroup,167,4659,5990,3107,9974,109,72
1,MoveGroup,459,4318,2245,2800,2667,96,64
1,MoveGroup,630,4776,2652,2825,5241,115,75
1,MoveGroup,204,4850,8424,2871,4951,147,85
1,MoveGroup,851,4591,6655,2637,8390,140,89
1,MoveGroup,76,4308,2431,2923,5402,101,65
1,MoveGroup,538,4462,6747,2726,1848,114,73
1,MoveGroup,692,4216,6764,3078,9125,96,63
1,MoveGroup,314,4390,2948,2838,5233,118,74
1,MoveGroup,947,4304,9457,3016,3425,85,53
1,MoveGroup,183,4472,3921,2659,8295,120,76
1,MoveGroup,420,4567,2637,2933,7085,114,68
1,MoveGroup,559,4633,9689,2922,4193,102,63
1,MoveGroup,601,4301,5900,3026,5370,103,62
1,MoveGroup,732,4172,1246,2882,8037,112,54
1,MoveGroup,11,4232,6081,2949,3518,116,61
1,MoveGroup,298,4199,2390,2694,4566,127,73
1,MoveGroup,467,4670,4049,3251,6704,144,71
1,MoveGroup,825,3807,8111,2751,4737,107,53
1,MoveGroup,940,4410,4526,2954,5390,100,59
1,MoveGroup,156,4447,2384,2750,6238,121,72
1,MoveGroup,377,4430,6234,2867,4915,107,66
1,MoveGroup,688,4293,9754,2842,4932,129,78
1,MoveGroup,249,4302,5421,3226,3180,68,36
1,MoveGroup,563,4799,6492,2905,8637,133,80
1,MoveGroup,704,4921,2832,3159,4051,134,82
1,MoveGroup,92,4395,3050,2901,6656,103,64
1,MoveGroup,815,4628,1059,2742,8039,148,94
1,MoveGroup,333,4107,4858,2637,5428,92,56
1,MoveGroup,478,4251,3646,2842,9239,106,64
1,MoveGroup,690,4310,7237,2695,4918,124,79
1,MoveGroup,27,3952,3874,2656,7672,92,59
1,MoveGroup,954,4301,4821,2732,4819,122,84
1,MoveGroup,382,4297,5249,2641,5594,110,72
1,MoveGroup,611,3917,5981,2767,5302,59,42
1,MoveGroup,743,4451,5588,3113,7658,96,65
1,MoveGroup,159,4474,8482,2788,7643,121,81
1,MoveGroup,888,4317,2657,2594,2417,109,72
1,MoveGroup,266,4422,4554,3103,9973,119,81
1,MoveGroup,531,4192,5221,2670,9820,93,60
1,MoveGroup,679,4390,3699,2999,4832,108,72
1,MoveGroup,803,4624,6723,2863,3684,100,63
1,MoveGroup,47,4332,3898,3228,4758,85,57
1,MoveGroup,995,4642,7640,2778,8208,127,79
1,MoveGroup,214,4643,7079,3100,8681,92,61
1,MoveGroup,362,4468,2193,3256,2147,79,52
1,MoveGroup,580,4262,1609,3383,0141,62,41
1,MoveGroup,721,4372,9836,2729,6672,126,82
1,MoveGroup,134,4088,7023,2968,1779,75,50
1,MoveGroup,846,4390,6114,2757,6418,123,78
1,MoveGroup,271,4171,0490,2850,0303,109,71
1,MoveGroup,498,4392,9922,2534,7656,142,90
1,MoveGroup,617,4547,9793,2810,4586,115,75
1,MoveGroup,39,4370,3743,2726,5292,92,61
1,MoveGroup,902,4402,7663,2686,0559,104,69
1,MoveGroup,455,4578,1435,3149,1685,109,66
1,MoveGroup,768,4227,9275,2531,3785,119,78
1,MoveGroup,120,4168,8764,2647,4218,116,77
1,MoveGroup,593,4329,0379,2631,0098,120,80
1,MoveGroup,834,4557,0955,3035,1300,74,50
1,MoveGroup,206,4383,0617,2906,0993,87,58
1,MoveGroup,319,4188,0823,2755,8420,82,56
1,MoveGroup,650,4413,8547,2978,2942,99,67
1,MoveGroup,77,4053,1832,2808,2820,94,57
1,MoveGroup,982,4718,3414,2816,2674,103,67
1,SwapOrder,523,4279,4725,3860,8519,6,33
1,SwapOrder,87,4603,0908,4205,5179,5,22
1,SwapOrder,999,4256,0698,3990,1438,4,20
1,SwapOrder,341,4065,8283,3735,8246,5,26
1,SwapOrder,712,4205,6581,3947,1852,4,20
1,SwapOrder,65,4331,2097,4133,9645,4,20
1,SwapOrder,488,4536,8595,4146,6323,4,24
1,SwapOrder,230,3907,5184,3519,2670,3,25
1,SwapOrder,901,4593,6013,4289,5670,4,22
1,SwapOrder,144,4551,1437,4137,2711,4,23
1,SwapOrder,378,4419,0260,3922,5869,4,32
1,SwapOrder,654,4260,3403,3977,8057,3,20
1,SwapOrder,29,4369,0821,4068,5415,3,18
1,SwapOrder,810,4282,4446,4012,1510,3,20
1,SwapOrder,472,4330,1128,3999,1124,4,29
1,SwapOrder,193,4349,1063,3955,2033,5,29
1,SwapOrder,556,4237,2445,3984,4129,3,19
1,SwapOrder,721,4493,1551,4152,1941,4,24
1,SwapOrder,88,4338,4427,3976,2166,3,21
1,SwapOrder,402,4660,4693,4235,3937,3,20
1,SwapOrder,615,4324,2235,3953,0524,5,31
1,SwapOrder,777,4443,2754,4210,8794,3,16
1,SwapOrder,5,4374,7719,4089,9029,4,24
1,SwapOrder,268,4710,9018,4255,5997,4,23
1,SwapOrder,349,4684,9034,4386,2102,3,17
1,SwapOrder,920,4028,8498,3724,7782,4,21
1,SwapOrder,431,4432,2011,4229,4215,3,18
1,SwapOrder,602,4551,6791,4221,1332,3,23
1,SwapOrder,118,4248,3959,3993,2294,4,26
1,SwapOrder,745,4273,8376,3847,1514,5,26
1,SwapOrder,864,4159,7943,3928,2945,3,20
1,SwapOrder,52,4395,8257,3891,4694,4,30
1,SwapOrder,390,4742,1726,4386,6975,3,21
1,SwapOrder,281,4180,4250,3764,8481,6,26
1,SwapOrder,973,4427,4803,4053,0735,5,21
1,SwapOrder,167,4841,0635,4373,5015,5,26
1,SwapOrder,459,4468,1837,4163,9531,3,20
1,SwapOrder,630,4818,3310,4507,1620,3,19
1,SwapOrder,204,4665,8929,4269,3076,5,28
1,SwapOrder,851,4385,7052,4010,9197,4,20
1,SwapOrder,76,4423,2877,4132,1448,3,25
1,SwapOrder,538,4259,6514,4077,5164,5,25
1,SwapOrder,692,4246,9640,3796,5753,5,22
1,SwapOrder,314,4821,2515,4352,9804,4,25
1,SwapOrder,947,4429,1529,4104,3337,3,18
1,SwapOrder,183,4579,5302,4051,9753,4,25
1,SwapOrder,420,4559,1303,4291,5104,6,22
1,SwapOrder,559,4403,2993,4138,5011,2,17
1,SwapOrder,601,4301,8288,3961,7461,5,29
1,SwapOrder,732,4280,0166,3942,6937,3,25
1,SwapOrder,11,4396,9139,4019,2948,4,25
1,SwapOrder,298,4290,5465,3891,8518,4,27
1,SwapOrder,467,4457,5856,4132,5989,3,23
1,SwapOrder,825,4094,8983,3790,9520,4,26
1,SwapOrder,940,4401,1953,4098,9544,6,23
1,SwapOrder,156,4476,6425,4201,7929,4,24
1,SwapOrder,377,4254,5506,4024,6440,3,19
1,SwapOrder,688,4408,1752,4160,1363,5,24
1,SwapOrder,249,4329,6460,3935,2296,4,27
1,SwapOrder,563,4743,9886,4487,7824,3,19
1,SwapOrder,704,5075,3454,4625,0982,4,28
1,SwapOrder,92,4483,3589,4059,4426,4,23
1,SwapOrder,815,4774,0312,4327,3696,4,22
1,SwapOrder,333,4410,0801,4209,3284,3,17
1,SwapOrder,478,4633,1574,4027,7635,6,35
1,SwapOrder,690,4659,0529,4176,8128,4,28
1,SwapOrder,27,4007,5568,3597,6453,5,26
1,SwapOrder,954,4647,1161,4126,1452,5,30
1,SwapOrder,382,4127,4524,3834,4438,3,19
1,SwapOrder,611,4077,4245,3645,7413,4,32
1,SwapOrder,743,4664,6926,4194,3834,5,27
1,SwapOrder,159,4501,0926,4047,6328,3,22
1,SwapOrder,888,4142,6056,3823,3083,6,31
1,SwapOrder,266,4481,2313,4012,1067,3,22
1,SwapOrder,531,4085,0192,3793,9645,3,22
1,SwapOrder,679,4452,8678,4070,8986,3,22
1,SwapOrder,803,4659,1330,4304,1606,3,22
1,SwapOrder,47,4458,6168,4084,0661,3,25
1,SwapOrder,995,4537,3425,4251,5922,3,21
1,SwapOrder,214,4725,2259,4301,3093,4,25
1,SwapOrder,362,4611,8229,4212,7124,4,19
1,SwapOrder,580,4514,8801,4132,6268,4,21
1,SwapOrder,721,4444,5214,3995,8578,4,23
1,SwapOrder,134,4255,8461,3889,3008,4,26
1,SwapOrder,846,4445,4138,4214,8669,3,19
1,SwapOrder,271,4274,4150,3992,9992,5,28
1,SwapOrder,498,4363,2733,4024,7174,3,21
1,SwapOrder,617,4641,9369,4181,5916,3,24
1,SwapOrder,39,4329,6196,4039,2138,4,24
1,SwapOrder,902,4296,9303,3841,2620,3,25
1,SwapOrder,455,4891,4977,4566,8337,3,19
1,SwapOrder,768,4417,0342,4158,4619,3,24
1,SwapOrder,120,4218,9017,3956,3294,4,20
1,SwapOrder,593,4103,5852,3724,1822,3,25
1,SwapOrder,834,4625,9413,4217,2308,3,25
1,SwapOrder,206,4205,5849,3998,7287,2,15
1,SwapOrder,319,4250,5999,3864,3201,4,23
1,SwapOrder,650,4489,2604,4049,6594,3,22
1,SwapOrder,77,4114,5132,3714,5444,4,23
1,SwapOrder,982,4580,0828,4096,1913,3,26
1,SwapGroups+MoveGroup,523,4279,2326,2654,1793,722,72
1,SwapGroups+MoveGroup,87,4357,6623,2742,8340,715,81
1,SwapGroups+MoveGroup,999,4287,5162,2564,1947,732,82
1,SwapGroups+MoveGroup,341,4159,1185,2442,2542,758,87
1,SwapGroups+MoveGroup,712,4338,7682,2911,7940,661,77
1,SwapGroups+MoveGroup,65,4556,2795,2641,4299,776,89
1,SwapGroups+MoveGroup,488,4583,6185,2886,9994,747,84
1,SwapGroups+MoveGroup,230,3874,3599,2294,5003,667,75
1,SwapGroups+MoveGroup,901,4553,4686,2890,5067,733,80
1,SwapGroups+MoveGroup,144,4950,5749,2604,1261,739,83
1,SwapGroups+MoveGroup,378,4299,8537,2921,3222,686,79
1,SwapGroups+MoveGroup,654,4275,7727,2563,2703,700,76
1,SwapGroups+MoveGroup,29,4519,0863,2627,1387,740,84
1,SwapGroups+MoveGroup,810,4553,9152,2506,9043,694,80
1,SwapGroups+MoveGroup,472,4521,1059,2476,6659,679,75
1,SwapGroups+MoveGroup,193,4107,0854,2570,5769,711,85
1,SwapGroups+MoveGroup,556,4481,8489,2667,1392,696,79
1,SwapGroups+MoveGroup,721,4311,6858,2605,7037,629,75
1,SwapGroups+MoveGroup,88,4421,2522,2780,3797,752,86
1,SwapGroups+MoveGroup,402,4654,0680,2523,7895,662,76
1,SwapGroups+MoveGroup,615,4188,6753,2401,9241,687,82
1,SwapGroups+MoveGroup,777,4231,7346,2733,1589,763,88
1,SwapGroups+MoveGroup,5,4243,7719,2629,5273,924,109
1,SwapGroups+MoveGroup,268,4608,8086,2652,4580,670,78
1,SwapGroups+MoveGroup,349,4452,5409,2807,5633,680,79
1,SwapGroups+MoveGroup,920,4155,0539,2506,4788,815,93
1,SwapGroups+MoveGroup,431,4546,0815,2639,5116,667,77
1,SwapGroups+MoveGroup,602,4573,7095,2793,7283,695,79
1,SwapGroups+MoveGroup,118,4319,1567,2486,3516,681,81
1,SwapGroups+MoveGroup,745,4409,1898,2733,9740,718,82
1,SwapGroups+MoveGroup,864,4187,5432,2410,4350,659,79
1,SwapGroups+MoveGroup,52,4181,8650,2694,5024,672,78
1,SwapGroups+MoveGroup,390,4760,8741,2712,1500,716,84
1,SwapGroups+MoveGroup,281,4030,8142,2242,5670,773,92
1,SwapGroups+MoveGroup,973,4447,8194,2281,8308,739,87
1,SwapGroups+MoveGroup,167,4707,2206,2799,6001,762,85
1,SwapGroups+MoveGroup,459,4258,6046,2487,8602,849,98
1,SwapGroups+MoveGroup,630,4564,4750,2693,1409,675,77
1,SwapGroups+MoveGroup,204,4580,1246,2642,8233,675,79
1,SwapGroups+MoveGroup,851,4159,1384,2431,9644,703,80
1,SwapGroups+MoveGroup,76,4314,7130,2667,7901,790,91
1,SwapGroups+MoveGroup,538,4359,6099,2492,3476,745,88
1,SwapGroups+MoveGroup,692,4151,9090,2868,9966,672,79
1,SwapGroups+MoveGroup,314,4449,0551,2543,7149,660,76
1,SwapGroups+MoveGroup,947,4452,2364,2404,1387,712,83
1,SwapGroups+MoveGroup,183,4158,0431,2367,6508,704,80
1,SwapGroups+MoveGroup,420,4616,4086,2763,7695,751,83
1,SwapGroups+MoveGroup,559,4515,3616,2703,7805,702,81
1,SwapGroups+MoveGroup,601,4239,0028,2834,5443,787,89
1,SwapGroups+MoveGroup,732,4315,7158,2487,6758,750,86
1,SwapGroups+MoveGroup,11,4300,4234,2729,5413,683,77
1,SwapGroups+MoveGroup,298,4158,6541,2414,6276,784,89
1,SwapGroups+MoveGroup,467,4724,3179,3053,1011,740,81
1,SwapGroups+MoveGroup,825,4073,9148,2388,2940,787,90
1,SwapGroups+MoveGroup,940,4450,5324,2599,3532,966,96
1,SwapGroups+MoveGroup,156,4454,8518,2633,1245,713,79
1,SwapGroups+MoveGroup,377,4169,0292,2600,8748,611,71
1,SwapGroups+MoveGroup,688,4352,3611,2622,8286,898,101
1,SwapGroups+MoveGroup,249,4337,4281,2586,0288,512,79
1,SwapGroups+MoveGroup,563,4493,2258,2664,9616,709,81
1,SwapGroups+MoveGroup,704,4991,0584,3090,7135,752,85
1,SwapGroups+MoveGroup,92,4535,1436,2631,6456,789,93
1,SwapGroups+MoveGroup,815,4655,6338,2656,4688,839,95
1,SwapGroups+MoveGroup,333,4062,6111,2354,8125,675,79
1,SwapGroups+MoveGroup,478,4426,6108,2481,9509,779,90
1,SwapGroups+MoveGroup,690,4386,3418,2548,7981,1077,94
1,SwapGroups+MoveGroup,27,4248,3889,2505,2762,608,72
1,SwapGroups+MoveGroup,954,4233,6512,2638,7235,767,90
1,SwapGroups+MoveGroup,382,4451,6135,2499,5278,632,77
1,SwapGroups+MoveGroup,611,4021,8248,2183,5794,817,102
1,SwapGroups+MoveGroup,743,4677,3525,2701,9748,746,86
1,SwapGroups+MoveGroup,159,4445,0066,2584,8184,835,98
1,SwapGroups+MoveGroup,888,4279,1433,2353,0218,878,101
1,SwapGroups+MoveGroup,266,4447,2640,2892,1175,740,85
1,SwapGroups+MoveGroup,531,4151,1423,2456,6080,869,96
1,SwapGroups+MoveGroup,679,4615,7577,2811,9488,777,92
1,SwapGroups+MoveGroup,803,4427,2360,2560,9610,622,71
1,SwapGroups+MoveGroup,47,4278,4890,2941,8735,728,85
1,SwapGroups+MoveGroup,995,4766,7151,2646,4617,758,85
1,SwapGroups+MoveGroup,214,4515,1966,2891,5767,756,85
1,SwapGroups+MoveGroup,362,4620,3701,2894,9484,827,96
1,SwapGroups+MoveGroup,580,4588,6627,2915,0486,799,93
1,SwapGroups+MoveGroup,721,4346,4929,2550,2965,751,84
1,SwapGroups+MoveGroup,134,4122,8980,2699,4403,924,102
1,SwapGroups+MoveGroup,846,4262,5287,2643,6085,698,87
1,SwapGroups+MoveGroup,271,4265,4185,2702,8791,334,79
1,SwapGroups+MoveGroup,498,4436,8008,2391,5831,392,93
1,SwapGroups+MoveGroup,617,4384,1204,2597,9171,360,88
1,SwapGroups+MoveGroup,39,4315,6516,2237,6632,380,93
1,SwapGroups+MoveGroup,902,4155,6887,2332,3395,352,87
1,SwapGroups+MoveGroup,455,4844,9413,2867,9107,390,95
1,SwapGroups+MoveGroup,768,4325,6569,2437,3844,296,72
1,SwapGroups+MoveGroup,120,4463,6602,2368,7684,432,104
1,SwapGroups+MoveGroup,593,4011,0178,2342,6752,385,94
1,SwapGroups+MoveGroup,834,4450,7681,2606,6832,346,82
1,SwapGroups+MoveGroup,206,4479,3088,2595,8415,349,82
1,SwapGroups+MoveGroup,319,4093,9997,2469,0003,286,70
1,SwapGroups+MoveGroup,650,4464,7497,2650,5293,358,86
1,SwapGroups+MoveGroup,77,4283,1506,2535,6528,308,74
1,SwapGroups+MoveGroup,982,4363,0142,2635,9855,340,82
1,SwapGroups+SwapOrder,523,4321,3942,2652,4817,382,103
1,SwapGroups+SwapOrder,87,4575,1249,2776,6760,289,82
1,SwapGroups+SwapOrder,999,4413,8946,2614,4778,304,90
1,SwapGroups+SwapOrder,341,4135,5463,2550,6355,285,85
1,SwapGroups+SwapOrder,712,4195,2661,2925,8427,307,89
1,SwapGroups+SwapOrder,65,4577,7210,2645,9100,318,94
1,SwapGroups+SwapOrder,488,4753,2930,3010,1373,273,81
1,SwapGroups+SwapOrder,230,4187,4046,2248,5014,349,103
1,SwapGroups+SwapOrder,901,4671,1457,2972,3898,303,84
1,SwapGroups+SwapOrder,144,4741,5312,2698,5539,280,82
1,SwapGroups+SwapOrder,378,4422,4825,2955,7265,268,79
1,SwapGroups+SwapOrder,654,4305,9961,2571,3573,316,94
1,SwapGroups+SwapOrder,29,4631,5650,2620,9693,347,91
1,SwapGroups+SwapOrder,810,4419,9700,2592,4903,293,85
1,SwapGroups+SwapOrder,472,4489,9045,2523,9564,286,84
1,SwapGroups+SwapOrder,193,4060,9158,2593,5564,270,79
1,SwapGroups+SwapOrder,556,4540,1241,2749,4618,257,75
1,SwapGroups+SwapOrder,721,4351,9770,2580,3789,273,79
1,SwapGroups+SwapOrder,88,4444,7374,2773,0846,309,91
1,SwapGroups+SwapOrder,402,4458,3512,2578,2209,277,81
1,SwapGroups+SwapOrder,615,3942,2577,2433,8783,362,108
1,SwapGroups+SwapOrder,777,4360,2739,2682,2822,318,90
1,SwapGroups+SwapOrder,5,4452,8546,2721,9230,342,99
1,SwapGroups+SwapOrder,268,4572,8345,2683,9420,262,77
1,SwapGroups+SwapOrder,349,4424,6535,2903,3675,299,86
1,SwapGroups+SwapOrder,920,4116,0922,2486,2866,326,95
1,SwapGroups+SwapOrder,431,4630,8149,2656,1274,321,94
1,SwapGroups+SwapOrder,602,4832,2059,2853,6260,287,83
1,SwapGroups+SwapOrder,118,4358,9093,2507,8751,270,81
1,SwapGroups+SwapOrder,745,4408,0399,2801,3566,290,85
1,SwapGroups+SwapOrder,864,4284,2429,2445,3377,327,96
1,SwapGroups+SwapOrder,52,4093,4853,2793,9916,284,83
1,SwapGroups+SwapOrder,390,4755,7495,2837,9327,273,80
1,SwapGroups+SwapOrder,281,4074,6582,2384,3428,291,86
1,SwapGroups+SwapOrder,973,4125,1971,2409,5843,316,93
1,SwapGroups+SwapOrder,167,4581,6642,2840,4303,290,85
1,SwapGroups+SwapOrder,459,4378,6359,2552,3522,278,80
1,SwapGroups+SwapOrder,630,4810,4237,2743,7544,288,83
1,SwapGroups+SwapOrder,204,4378,7726,2749,7182,264,77
1,SwapGroups+SwapOrder,851,4466,5126,2475,8583,302,88
1,SwapGroups+SwapOrder,76,4234,0444,2658,2142,257,76
1,SwapGroups+SwapOrder,538,4401,0622,2590,2293,284,84
1,SwapGroups+SwapOrder,692,4105,1669,2871,1706,262,77
1,SwapGroups+SwapOrder,314,4684,6565,2557,9161,322,92
1,SwapGroups+SwapOrder,947,4340,6975,2498,7537,325,97
1,SwapGroups+SwapOrder,183,4418,4407,2462,0146,333,97
1,SwapGroups+SwapOrder,420,4669,6420,2801,4072,285,84
1,SwapGroups+SwapOrder,559,4514,3774,2744,1472,261,76
1,SwapGroups+SwapOrder,601,4270,2595,2839,6754,322,93
1,SwapGroups+SwapOrder,732,4230,5950,2563,4623,321,97
1,SwapGroups+SwapOrder,11,4293,9488,2697,9617,280,84
1,SwapGroups+SwapOrder,298,4181,3342,2486,4081,271,79
1,SwapGroups+SwapOrder,467,4632,5334,3072,2891,268,80
1,SwapGroups+SwapOrder,825,4133,2696,2459,9953,324,94
1,SwapGroups+SwapOrder,940,4548,0900,2615,2330,315,92
1,SwapGroups+SwapOrder,156,4479,0346,2683,6936,317,92
1,SwapGroups+SwapOrder,377,4339,0731,2699,5448,231,67
1,SwapGroups+SwapOrder,688,4477,4211,2752,2071,288,82
1,SwapGroups+SwapOrder,249,4346,5898,2668,3157,261,78
1,SwapGroups+SwapOrder,563,4683,4488,2663,6587,347,101
1,SwapGroups+SwapOrder,704,5026,2196,3190,8461,291,84
1,SwapGroups+SwapOrder,92,4373,7279,2665,3130,342,101
1,SwapGroups+SwapOrder,815,4648,3057,2722,6869,284,81
1,SwapGroups+SwapOrder,333,4201,0745,2389,1013,288,85
1,SwapGroups+SwapOrder,478,4300,2289,2617,3721,271,79
1,SwapGroups+SwapOrder,690,4326,5438,2537,5230,333,96
1,SwapGroups+SwapOrder,27,4036,6678,2555,7084,325,97
1,SwapGroups+SwapOrder,954,4221,1745,2662,9471,297,86
1,SwapGroups+SwapOrder,382,4342,1462,2414,7857,309,89
1,SwapGroups+SwapOrder,611,4031,9609,2155,5282,284,85
1,SwapGroups+SwapOrder,743,4560,5972,2735,4071,314,92
1,SwapGroups+SwapOrder,159,4388,0962,2643,9693,329,96
1,SwapGroups+SwapOrder,888,4186,9711,2380,8503,269,79
1,SwapGroups+SwapOrder,266,4506,9283,3012,5584,334,97
1,SwapGroups+SwapOrder,531,4119,8532,2525,8967,267,78
1,SwapGroups+SwapOrder,679,4371,7743,2806,5713,271,79
1,SwapGroups+SwapOrder,803,4414,9649,2567,6517,281,83
1,SwapGroups+SwapOrder,47,4416,8888,3034,5880,279,82
1,SwapGroups+SwapOrder,995,4514,3534,2733,3601,262,74
1,SwapGroups+SwapOrder,214,4555,8472,2800,8389,264,79
1,SwapGroups+SwapOrder,362,4520,2318,2946,9849,313,92
1,SwapGroups+SwapOrder,580,4106,5134,2927,8472,311,91
1,SwapGroups+SwapOrder,721,4404,0738,2573,8940,281,81
1,SwapGroups+SwapOrder,134,4271,1193,2665,1061,271,79
1,SwapGroups+SwapOrder,846,4590,0174,2617,0656,285,84
1,SwapGroups+SwapOrder,271,4136,8348,2757,5236,298,88
1,SwapGroups+SwapOrder,498,4584,1076,2474,6974,305,90
1,SwapGroups+SwapOrder,617,4474,6008,2651,6661,323,96
1,SwapGroups+SwapOrder,39,4579,4169,2509,1328,294,87
1,SwapGroups+SwapOrder,902,4249,2189,2390,1582,283,82
1,SwapGroups+SwapOrder,455,4715,8873,2938,5036,296,85
1,SwapGroups+SwapOrder,768,4525,6193,2546,9126,264,77
1,SwapGroups+SwapOrder,120,4280,9264,2391,1128,324,94
1,SwapGroups+SwapOrder,593,4450,3916,2480,9814,304,91
1,SwapGroups+SwapOrder,834,4675,7813,2695,0958,294,86
1,SwapGroups+SwapOrder,206,4230,2671,2636,4652,264,77
1,SwapGroups+SwapOrder,319,4370,0632,2544,2277,303,89
1,SwapGroups+SwapOrder,650,4422,9276,2603,7146,305,90
1,SwapGroups+SwapOrder,77,4292,4889,2454,0433,254,77
1,SwapGroups+SwapOrder,982,4590,9717,2712,3106,276,81
1,MoveGroup+SwapOrder,523,4269,7028,2885,4929,73,75
1,MoveGroup+SwapOrder,87,4181,9582,3131,7332,47,53
1,MoveGroup+SwapOrder,999,4199,7670,2701,1965,72,77
1,MoveGroup+SwapOrder,341,4117,1967,2840,6126,56,61
1,MoveGroup+SwapOrder,712,4267,3936,3122,2788,51,63
1,MoveGroup+SwapOrder,65,4622,5763,2941,0477,62,80
1,MoveGroup+SwapOrder,488,4631,0143,3164,0863,58,68
1,MoveGroup+SwapOrder,230,3973,5707,2551,9418,67,86
1,MoveGroup+SwapOrder,901,4781,4846,3121,8438,62,76
1,MoveGroup+SwapOrder,144,4493,7075,2843,4083,59,74
1,MoveGroup+SwapOrder,378,4098,2430,3057,1413,65,80
1,MoveGroup+SwapOrder,654,4605,6434,2729,9690,68,86
1,MoveGroup+SwapOrder,29,4738,6223,2848,0346,66,78
1,MoveGroup+SwapOrder,810,4388,1092,2623,1589,64,82
1,MoveGroup+SwapOrder,472,4361,9927,2815,6244,56,67
1,MoveGroup+SwapOrder,193,4321,0047,2960,8662,52,65
1,MoveGroup+SwapOrder,556,4555,6987,3085,0548,50,63
1,MoveGroup+SwapOrder,721,4279,3156,2918,8020,59,71
1,MoveGroup+SwapOrder,88,4477,1914,2945,2370,72,85
1,MoveGroup+SwapOrder,402,4594,3907,2837,4399,60,74
1,MoveGroup+SwapOrder,615,4346,0120,2730,1771,64,79
1,MoveGroup+SwapOrder,777,4500,5791,2925,7167,72,87
1,MoveGroup+SwapOrder,5,4283,8921,2716,8245,77,91
1,MoveGroup+SwapOrder,268,4667,9546,2961,4782,57,70
1,MoveGroup+SwapOrder,349,4404,8969,3107,8534,56,68
1,MoveGroup+SwapOrder,920,4076,5280,2676,8923,55,69
1,MoveGroup+SwapOrder,431,4451,6140,2842,2086,55,68
1,MoveGroup+SwapOrder,602,4752,4085,3069,1205,62,75
1,MoveGroup+SwapOrder,118,4655,6954,2809,9865,59,73
1,MoveGroup+SwapOrder,745,4322,0783,3098,4624,50,66
1,MoveGroup+SwapOrder,864,4013,2422,2612,9163,55,71
1,MoveGroup+SwapOrder,52,4233,7150,2999,1555,53,64
1,MoveGroup+SwapOrder,390,4624,2463,3019,4047,60,73
1,MoveGroup+SwapOrder,281,4220,2522,2773,5541,51,64
1,MoveGroup+SwapOrder,973,4327,6318,2619,7311,62,80
1,MoveGroup+SwapOrder,167,4788,4718,3045,9260,72,86
1,MoveGroup+SwapOrder,459,4414,6558,2522,0133,87,107
1,MoveGroup+SwapOrder,630,4662,5586,2910,2848,59,74
1,MoveGroup+SwapOrder,204,4364,0253,2935,6731,53,65
1,MoveGroup+SwapOrder,851,4222,0310,2720,2496,61,75
1,MoveGroup+SwapOrder,76,4339,8595,2858,1118,68,83
1,MoveGroup+SwapOrder,538,4137,6495,2794,5656,53,65
1,MoveGroup+SwapOrder,692,3973,9136,3123,4273,43,55
1,MoveGroup+SwapOrder,314,4675,7646,2760,4579,71,86
1,MoveGroup+SwapOrder,947,4313,3103,2833,0382,51,67
1,MoveGroup+SwapOrder,183,4493,0784,2718,3559,63,78
1,MoveGroup+SwapOrder,420,4486,2831,2864,7616,77,95
1,MoveGroup+SwapOrder,559,4540,4003,2872,1030,55,69
1,MoveGroup+SwapOrder,601,4392,8898,3097,8033,52,64
1,MoveGroup+SwapOrder,732,4134,9441,2843,6102,57,69
1,MoveGroup+SwapOrder,11,4379,3436,3070,5928,45,58
1,MoveGroup+SwapOrder,298,4298,2664,2777,7735,60,70
1,MoveGroup+SwapOrder,467,4471,6625,3329,1570,43,55
1,MoveGroup+SwapOrder,825,4244,5994,2784,4640,60,71
1,MoveGroup+SwapOrder,940,4558,5009,3037,6403,55,62
1,MoveGroup+SwapOrder,156,4729,2112,2767,1606,74,91
1,MoveGroup+SwapOrder,377,4308,8814,3056,1018,48,62
1,MoveGroup+SwapOrder,688,4261,1419,2840,6491,66,83
1,MoveGroup+SwapOrder,249,4516,1253,2776,9768,65,79
1,MoveGroup+SwapOrder,563,4809,2474,2910,8215,67,81
1,MoveGroup+SwapOrder,704,4969,0619,3148,1893,67,81
1,MoveGroup+SwapOrder,92,4513,0817,2745,3840,71,87
1,MoveGroup+SwapOrder,815,4662,9227,2847,0858,71,88
1,MoveGroup+SwapOrder,333,4285,6639,2646,0450,49,62
1,MoveGroup+SwapOrder,478,4280,5951,2899,3228,49,61
1,MoveGroup+SwapOrder,690,4432,4648,2759,9239,58,73
1,MoveGroup+SwapOrder,27,3960,4232,2988,2928,40,52
1,MoveGroup+SwapOrder,954,4132,3504,3026,9292,41,51
1,MoveGroup+SwapOrder,382,4428,3200,2629,7162,73,93
1,MoveGroup+SwapOrder,611,4074,1663,2651,3477,53,66
1,MoveGroup+SwapOrder,743,4587,2098,3105,1816,52,66
1,MoveGroup+SwapOrder,159,4383,1284,2824,0312,53,68
1,MoveGroup+SwapOrder,888,4423,8642,2679,7059,60,76
1,MoveGroup+SwapOrder,266,4406,6292,3277,8890,46,57
1,MoveGroup+SwapOrder,531,4300,1275,2784,5671,48,60
1,MoveGroup+SwapOrder,679,4368,1348,2955,6299,58,70
1,MoveGroup+SwapOrder,803,4509,0477,2861,5069,70,87
1,MoveGroup+SwapOrder,47,4353,9148,3243,0149,44,54
1,MoveGroup+SwapOrder,995,4690,8929,2875,7519,57,70
1,MoveGroup+SwapOrder,214,4583,9668,3129,8851,56,68
1,MoveGroup+SwapOrder,362,4334,9631,3215,6384,49,60
1,MoveGroup+SwapOrder,580,4543,4153,3187,4822,70,86
1,MoveGroup+SwapOrder,721,4320,5113,2914,6705,57,69
1,MoveGroup+SwapOrder,134,4249,9364,2967,3397,52,67
1,MoveGroup+SwapOrder,846,4486,1822,2789,9430,69,84
1,MoveGroup+SwapOrder,271,4322,0994,2830,0771,65,78
1,MoveGroup+SwapOrder,498,4263,3900,2587,8071,60,77
1,MoveGroup+SwapOrder,617,4419,1349,2746,1613,76,91
1,MoveGroup+SwapOrder,39,4325,2038,2521,0768,65,80
1,MoveGroup+SwapOrder,902,4154,0364,2632,1046,69,83
1,MoveGroup+SwapOrder,455,4754,3178,3296,8144,57,72
1,MoveGroup+SwapOrder,768,4571,3656,2743,6824,62,78
1,MoveGroup+SwapOrder,120,4277,6766,2571,3269,58,72
1,MoveGroup+SwapOrder,593,4083,0455,2773,3020,49,61
1,MoveGroup+SwapOrder,834,4541,8992,2903,2528,57,70
1,MoveGroup+SwapOrder,206,4315,7631,3080,7658,54,64
1,MoveGroup+SwapOrder,319,4244,3444,2527,9851,79,94
1,MoveGroup+SwapOrder,650,4364,8224,2920,2970,50,63
1,MoveGroup+SwapOrder,77,4405,6507,2734,0822,58,73
1,MoveGroup+SwapOrder,982,4491,0540,2716,2689,68,86
1,SwapGroups+MoveGroup+SwapOrder,523,4375,0430,2578,3979,406,86
1,SwapGroups+MoveGroup+SwapOrder,87,4348,0241,2728,8062,369,88
1,SwapGroups+MoveGroup+SwapOrder,999,4374,2857,2570,9458,374,90
1,SwapGroups+MoveGroup+SwapOrder,341,4189,2581,2448,2089,441,99
1,SwapGroups+MoveGroup+SwapOrder,712,4275,1670,2872,7543,394,95
1,SwapGroups+MoveGroup+SwapOrder,65,4538,8017,2571,4046,429,103
1,SwapGroups+MoveGroup+SwapOrder,488,4389,7399,2835,8230,346,80
1,SwapGroups+MoveGroup+SwapOrder,230,3943,0163,2277,0176,324,77
1,SwapGroups+MoveGroup+SwapOrder,901,4696,5701,2924,1588,336,79
1,SwapGroups+MoveGroup+SwapOrder,144,4731,0409,2722,4012,408,96
1,SwapGroups+MoveGroup+SwapOrder,378,4451,5368,2871,2226,376,92
1,SwapGroups+MoveGroup+SwapOrder,654,4288,6887,2505,1190,384,87
1,SwapGroups+MoveGroup+SwapOrder,29,4463,8898,2545,2795,366,86
1,SwapGroups+MoveGroup+SwapOrder,810,4606,9145,2482,5276,422,100
1,SwapGroups+MoveGroup+SwapOrder,472,4405,0425,2539,3544,370,87
1,SwapGroups+MoveGroup+SwapOrder,193,4203,3451,2553,8206,419,101
1,SwapGroups+MoveGroup+SwapOrder,556,4137,1327,2688,3482,370,88
1,SwapGroups+MoveGroup+SwapOrder,721,4244,2488,2540,8043,377,90
1,SwapGroups+MoveGroup+SwapOrder,88,4569,7415,2793,6845,366,87
1,SwapGroups+MoveGroup+SwapOrder,402,4673,3084,2512,1168,438,105
1,SwapGroups+MoveGroup+SwapOrder,615,4202,9278,2432,2705,411,100
1,SwapGroups+MoveGroup+SwapOrder,777,4542,3744,2709,4698,422,100
1,SwapGroups+MoveGroup+SwapOrder,5,4409,7362,2633,8254,365,87
1,SwapGroups+MoveGroup+SwapOrder,268,4626,0224,2633,2485,429,103
1,SwapGroups+MoveGroup+SwapOrder,349,4449,5390,2833,5085,337,79
1,SwapGroups+MoveGroup+SwapOrder,920,4103,7513,2484,9059,393,93
1,SwapGroups+MoveGroup+SwapOrder,431,4459,4838,2647,5505,407,97
1,SwapGroups+MoveGroup+SwapOrder,602,4626,9178,2797,7846,383,91
1,SwapGroups+MoveGroup+SwapOrder,118,4054,6623,2510,2212,334,81
1,SwapGroups+MoveGroup+SwapOrder,745,4461,5784,2783,3233,369,87
1,SwapGroups+MoveGroup+SwapOrder,864,4437,7164,2369,3540,451,105
1,SwapGroups+MoveGroup+SwapOrder,52,4253,4538,2610,0947,464,110
1,SwapGroups+MoveGroup+SwapOrder,390,4826,9690,2719,5876,408,96
1,SwapGroups+MoveGroup+SwapOrder,281,4043,8998,2425,2445,360,88
1,SwapGroups+MoveGroup+SwapOrder,973,4361,1689,2381,3044,410,100
1,SwapGroups+MoveGroup+SwapOrder,167,4826,0094,2829,9165,375,88
1,SwapGroups+MoveGroup+SwapOrder,459,4523,6871,2532,2453,401,95
1,SwapGroups+MoveGroup+SwapOrder,630,4789,4679,2675,1214,450,99
1,SwapGroups+MoveGroup+SwapOrder,204,4634,9671,2627,2572,381,89
1,SwapGroups+MoveGroup+SwapOrder,851,4495,9754,2419,4953,495,118
1,SwapGroups+MoveGroup+SwapOrder,76,4527,0529,2710,1945,332,80
1,SwapGroups+MoveGroup+SwapOrder,538,4387,5095,2586,0360,317,76
1,SwapGroups+MoveGroup+SwapOrder,692,4277,8955,2862,9315,344,83
1,SwapGroups+MoveGroup+SwapOrder,314,4501,2457,2518,1972,375,88
1,SwapGroups+MoveGroup+SwapOrder,947,4329,5929,2533,7344,360,87
1,SwapGroups+MoveGroup+SwapOrder,183,4308,1989,2395,2908,363,88
1,SwapGroups+MoveGroup+SwapOrder,420,4593,6891,2764,3532,408,99
1,SwapGroups+MoveGroup+SwapOrder,559,4600,2615,2757,5539,336,80
1,SwapGroups+MoveGroup+SwapOrder,601,4271,4903,2738,1855,357,85
1,SwapGroups+MoveGroup+SwapOrder,732,4190,4287,2506,1806,330,77
1,SwapGroups+MoveGroup+SwapOrder,11,4414,6206,2771,3480,399,93
1,SwapGroups+MoveGroup+SwapOrder,298,4285,8142,2513,0558,402,94
1,SwapGroups+MoveGroup+SwapOrder,467,4678,5192,2983,8314,341,81
1,SwapGroups+MoveGroup+SwapOrder,825,4078,8413,2461,5996,361,85
1,SwapGroups+MoveGroup+SwapOrder,940,4165,1372,2590,2154,314,74
1,SwapGroups+MoveGroup+SwapOrder,156,4281,7905,2585,1458,361,85
1,SwapGroups+MoveGroup+SwapOrder,377,4404,3438,2579,8111,413,100
1,SwapGroups+MoveGroup+SwapOrder,688,4517,5458,2622,3935,378,90
1,SwapGroups+MoveGroup+SwapOrder,249,4368,5097,2525,0761,435,105
1,SwapGroups+MoveGroup+SwapOrder,563,4757,0106,2742,0209,377,89
1,SwapGroups+MoveGroup+SwapOrder,704,5295,3665,3114,7210,406,96
1,SwapGroups+MoveGroup+SwapOrder,92,4325,6035,2611,5769,387,93
1,SwapGroups+MoveGroup+SwapOrder,815,4467,2107,2630,5423,384,91
1,SwapGroups+MoveGroup+SwapOrder,333,4165,7416,2340,8343,391,94
1,SwapGroups+MoveGroup+SwapOrder,478,4439,2731,2577,9592,399,92
1,SwapGroups+MoveGroup+SwapOrder,690,4497,7038,2551,9868,359,86
1,SwapGroups+MoveGroup+SwapOrder,27,4117,7110,2434,1793,350,85
1,SwapGroups+MoveGroup+SwapOrder,954,4379,6940,2676,5197,392,92
1,SwapGroups+MoveGroup+SwapOrder,382,4362,0016,2433,1450,370,88
1,SwapGroups+MoveGroup+SwapOrder,611,3867,0779,2111,4605,447,106
1,SwapGroups+MoveGroup+SwapOrder,743,4507,7401,2657,2973,429,97
1,SwapGroups+MoveGroup+SwapOrder,159,4295,6752,2617,5287,344,79
1,SwapGroups+MoveGroup+SwapOrder,888,4204,0611,2334,6091,385,90
1,SwapGroups+MoveGroup+SwapOrder,266,4581,3532,2919,5532,438,100
1,SwapGroups+MoveGroup+SwapOrder,531,4151,3279,2462,8836,370,87
1,SwapGroups+MoveGroup+SwapOrder,679,4503,3261,2819,2801,402,94
1,SwapGroups+MoveGroup+SwapOrder,803,4668,1780,2506,0269,426,98
1,SwapGroups+MoveGroup+SwapOrder,47,4296,3205,2913,6107,381,85
1,SwapGroups+MoveGroup+SwapOrder,995,4696,4295,2675,5969,382,89
1,SwapGroups+MoveGroup+SwapOrder,214,4747,8762,2780,7436,405,97
1,SwapGroups+MoveGroup+SwapOrder,362,4333,8280,2819,0169,393,93
1,SwapGroups+MoveGroup+SwapOrder,580,4477,3929,2957,2476,343,83
1,SwapGroups+MoveGroup+SwapOrder,721,4265,2847,2546,1813,312,74
1,SwapGroups+MoveGroup+SwapOrder,134,4155,1461,2608,6874,353,85
1,SwapGroups+MoveGroup+SwapOrder,846,4566,9228,2651,9233,358,84
1,SwapGroups+MoveGroup+SwapOrder,271,4379,1205,2617,0050,426,103
1,SwapGroups+MoveGroup+SwapOrder,498,4358,5071,2361,1156,370,87
1,SwapGroups+MoveGroup+SwapOrder,617,4484,1015,2576,4050,348,83
1,SwapGroups+MoveGroup+SwapOrder,39,4290,6035,2351,1847,395,95
1,SwapGroups+MoveGroup+SwapOrder,902,4322,2436,2368,7196,347,83
1,SwapGroups+MoveGroup+SwapOrder,455,4755,7094,2885,2394,380,91
1,SwapGroups+MoveGroup+SwapOrder,768,4346,9203,2508,0874,339,81
1,SwapGroups+MoveGroup+SwapOrder,120,4274,1594,2387,6811,363,85
1,SwapGroups+MoveGroup+SwapOrder,593,4131,5268,2344,3058,398,95
1,SwapGroups+MoveGroup+SwapOrder,834,4710,8605,2672,2374,379,88
1,SwapGroups+MoveGroup+SwapOrder,206,4171,5999,2582,0589,374,88
1,SwapGroups+MoveGroup+SwapOrder,319,4238,9038,2386,7824,404,97
1,SwapGroups+MoveGroup+SwapOrder,650,4321,6613,2529,5497,400,95
1,SwapGroups+MoveGroup+SwapOrder,77,4148,6524,2498,9593,393,95
1,SwapGroups+MoveGroup+SwapOrder,982,4527,7505,2665,9888,396,94
