exp,k,lambda,steps,stiter,seed,h_inicial,h_final,temps_ms
3,10,0,001000,150000,10,523,2679,2632,405
3,10,0,001000,150000,10,87,2667,2623,313
3,10,0,001000,150000,10,999,2739,2611,274
3,10,0,001000,150000,10,341,2585,2434,269
3,10,0,001000,150000,10,712,2935,2832,300
3,10,0,001000,150000,10,65,2753,2603,287
3,10,0,001000,150000,10,488,2957,2863,317
3,10,0,001000,150000,10,230,2330,2190,296
3,10,0,001000,150000,10,901,3045,2867,274
3,10,0,001000,150000,10,144,2694,2609,271
3,10,0,001000,150000,10,378,2935,2875,275
3,10,0,001000,150000,10,654,2616,2512,285
3,10,0,001000,150000,10,29,2631,2491,294
3,10,0,001000,150000,10,810,2555,2517,268
3,10,0,001000,150000,10,472,2567,2497,268
3,10,0,001000,150000,10,193,2764,2601,263
3,10,0,001000,150000,10,556,2792,2699,265
3,10,0,001000,150000,10,721,2665,2610,289
3,10,0,001000,150000,10,88,2872,2754,286
3,10,0,001000,150000,10,402,2583,2497,270
3,10,0,001000,150000,10,615,2561,2487,265
3,10,0,001000,150000,10,777,2807,2730,275
3,10,0,001000,150000,10,5,2576,2524,271
3,10,0,001000,150000,10,268,2668,2584,268
3,10,0,001000,150000,10,349,2862,2818,274
3,10,0,001000,150000,10,920,2529,2442,273
3,10,0,001000,150000,10,431,2620,2600,272
3,10,0,001000,150000,10,602,2872,2748,283
3,10,0,001000,150000,10,118,2500,2378,267
3,10,0,001000,150000,10,745,2845,2744,269
3,10,0,001000,150000,10,864,2478,2406,267
3,10,0,001000,150000,10,52,2617,2588,266
3,10,0,001000,150000,10,390,2793,2747,280
3,10,0,001000,150000,10,281,2386,2292,260
3,10,0,001000,150000,10,973,2440,2343,262
3,10,0,001000,150000,10,167,2877,2757,275
3,10,0,001000,150000,10,459,2592,2474,278
3,10,0,001000,150000,10,630,2720,2666,274
3,10,0,001000,150000,10,204,2742,2651,269
3,10,0,001000,150000,10,851,2538,2428,272
3,10,0,001000,150000,10,76,2800,2718,268
3,10,0,001000,150000,10,538,2579,2552,272
3,10,0,001000,150000,10,692,2971,2874,276
3,10,0,001000,150000,10,314,2559,2533,271
3,10,0,001000,150000,10,947,2492,2422,268
3,10,0,001000,150000,10,183,2454,2388,267
3,10,0,001000,150000,10,420,2756,2682,269
3,10,0,001000,150000,10,559,2756,2659,271
3,10,0,001000,150000,10,601,2861,2730,257
3,10,0,001000,150000,10,732,2598,2517,265
3,10,0,001000,150000,10,11,2769,2656,268
3,10,0,001000,150000,10,298,2516,2436,272
3,10,0,001000,150000,10,467,3045,2972,270
3,10,0,001000,150000,10,825,2572,2468,263
3,10,0,001000,150000,10,940,2615,2571,273
3,10,0,001000,150000,10,156,2579,2531,271
3,10,0,001000,150000,10,377,2643,2539,270
3,10,0,001000,150000,10,688,2681,2605,269
3,10,0,001000,150000,10,249,2600,2477,267
3,10,0,001000,150000,10,563,2698,2652,272
3,10,0,001000,150000,10,704,3027,3023,271
3,10,0,001000,150000,10,92,2619,2589,266
3,10,0,001000,150000,10,815,2658,2629,272
3,10,0,001000,150000,10,333,2451,2351,279
3,10,0,001000,150000,10,478,2591,2531,265
3,10,0,001000,150000,10,690,2581,2519,275
3,10,0,001000,150000,10,27,2608,2483,272
3,10,0,001000,150000,10,954,2710,2612,278
3,10,0,001000,150000,10,382,2433,2390,268
3,10,0,001000,150000,10,611,2288,2180,260
3,10,0,001000,150000,10,743,2752,2686,292
3,10,0,001000,150000,10,159,2592,2528,298
3,10,0,001000,150000,10,888,2354,2324,289
3,10,0,001000,150000,10,266,3063,2896,380
3,10,0,001000,150000,10,531,2550,2413,359
3,10,0,001000,150000,10,679,2856,2772,345
3,10,0,001000,150000,10,803,2502,2493,347
3,10,0,001000,150000,10,47,2851,2794,376
3,10,0,001000,150000,10,995,2693,2668,403
3,10,0,001000,150000,10,214,2828,2786,403
3,10,0,001000,150000,10,362,3024,2902,382
3,10,0,001000,150000,10,580,3069,3004,395
3,10,0,001000,150000,10,721,2665,2574,294
3,10,0,001000,150000,10,134,2698,2623,289
3,10,0,001000,150000,10,846,2674,2622,414
3,10,0,001000,150000,10,271,2623,2484,381
3,10,0,001000,150000,10,498,2387,2347,383
3,10,0,001000,150000,10,617,2644,2570,286
3,10,0,001000,150000,10,39,2368,2289,310
3,10,0,001000,150000,10,902,2423,2337,339
3,10,0,001000,150000,10,455,3040,2946,296
3,10,0,001000,150000,10,768,2474,2435,410
3,10,0,001000,150000,10,120,2490,2369,341
3,10,0,001000,150000,10,593,2470,2372,285
3,10,0,001000,150000,10,834,2622,2556,309
3,10,0,001000,150000,10,206,2707,2566,315
3,10,0,001000,150000,10,319,2459,2366,267
3,10,0,001000,150000,10,650,2693,2596,269
3,10,0,001000,150000,10,77,2529,2426,295
3,10,0,001000,150000,10,982,2704,2629,323
3,10,0,001000,150000,100,523,2679,2596,266
3,10,0,001000,150000,100,87,2667,2667,268
3,10,0,001000,150000,100,999,2739,2564,267
3,10,0,001000,150000,100,341,2585,2463,267
3,10,0,001000,150000,100,712,2935,2828,272
3,10,0,001000,150000,100,65,2753,2598,263
3,10,0,001000,150000,100,488,2957,2852,412
3,10,0,001000,150000,100,230,2330,2243,385
3,10,0,001000,150000,100,901,3045,2868,364
3,10,0,001000,150000,100,144,2694,2567,377
3,10,0,001000,150000,100,378,2935,2800,329
3,10,0,001000,150000,100,654,2616,2557,320
3,10,0,001000,150000,100,29,2631,2529,360
3,10,0,001000,150000,100,810,2555,2490,335
3,10,0,001000,150000,100,472,2567,2501,384
3,10,0,001000,150000,100,193,2764,2618,386
3,10,0,001000,150000,100,556,2792,2687,349
3,10,0,001000,150000,100,721,2665,2578,355
3,10,0,001000,150000,100,88,2872,2718,264
3,10,0,001000,150000,100,402,2583,2456,346
3,10,0,001000,150000,100,615,2561,2483,302
3,10,0,001000,150000,100,777,2807,2742,271
3,10,0,001000,150000,100,5,2576,2492,325
3,10,0,001000,150000,100,268,2668,2587,282
3,10,0,001000,150000,100,349,2862,2854,288
3,10,0,001000,150000,100,920,2529,2438,258
3,10,0,001000,150000,100,431,2620,2584,272
3,10,0,001000,150000,100,602,2872,2771,337
3,10,0,001000,150000,100,118,2500,2404,357
3,10,0,001000,150000,100,745,2845,2778,408
3,10,0,001000,150000,100,864,2478,2386,368
3,10,0,001000,150000,100,52,2617,2597,353
3,10,0,001000,150000,100,390,2793,2715,283
3,10,0,001000,150000,100,281,2386,2296,266
3,10,0,001000,150000,100,973,2440,2341,261
3,10,0,001000,150000,100,167,2877,2805,271
3,10,0,001000,150000,100,459,2592,2470,274
3,10,0,001000,150000,100,630,2720,2666,344
3,10,0,001000,150000,100,204,2742,2609,266
3,10,0,001000,150000,100,851,2538,2455,276
3,10,0,001000,150000,100,76,2800,2689,268
3,10,0,001000,150000,100,538,2579,2512,297
3,10,0,001000,150000,100,692,2971,2835,335
3,10,0,001000,150000,100,314,2559,2548,363
3,10,0,001000,150000,100,947,2492,2401,296
3,10,0,001000,150000,100,183,2454,2376,264
3,10,0,001000,150000,100,420,2756,2686,272
3,10,0,001000,150000,100,559,2756,2630,316
3,10,0,001000,150000,100,601,2861,2783,314
3,10,0,001000,150000,100,732,2598,2531,392
3,10,0,001000,150000,100,11,2769,2660,295
3,10,0,001000,150000,100,298,2516,2401,360
3,10,0,001000,150000,100,467,3045,2962,289
3,10,0,001000,150000,100,825,2572,2499,264
3,10,0,001000,150000,100,940,2615,2589,311
3,10,0,001000,150000,100,156,2579,2541,335
3,10,0,001000,150000,100,377,2643,2577,315
3,10,0,001000,150000,100,688,2681,2637,391
3,10,0,001000,150000,100,249,2600,2433,330
3,10,0,001000,150000,100,563,2698,2681,344
3,10,0,001000,150000,100,704,3027,3004,301
3,10,0,001000,150000,100,92,2619,2601,300
3,10,0,001000,150000,100,815,2658,2618,274
3,10,0,001000,150000,100,333,2451,2359,280
3,10,0,001000,150000,100,478,2591,2546,269
3,10,0,001000,150000,100,690,2581,2581,266
3,10,0,001000,150000,100,27,2608,2490,263
3,10,0,001000,150000,100,954,2710,2607,265
3,10,0,001000,150000,100,382,2433,2388,263
3,10,0,001000,150000,100,611,2288,2180,259
3,10,0,001000,150000,100,743,2752,2691,274
3,10,0,001000,150000,100,159,2592,2508,265
3,10,0,001000,150000,100,888,2354,2318,272
3,10,0,001000,150000,100,266,3063,2870,272
3,10,0,001000,150000,100,531,2550,2390,297
3,10,0,001000,150000,100,679,2856,2784,268
3,10,0,001000,150000,100,803,2502,2479,265
3,10,0,001000,150000,100,47,2851,2834,290
3,10,0,001000,150000,100,995,2693,2658,344
3,10,0,001000,150000,100,214,2828,2754,276
3,10,0,001000,150000,100,362,3024,2912,271
3,10,0,001000,150000,100,580,3069,2955,277
3,10,0,001000,150000,100,721,2665,2593,293
3,10,0,001000,150000,100,134,2698,2621,394
3,10,0,001000,150000,100,846,2674,2615,415
3,10,0,001000,150000,100,271,2623,2525,380
3,10,0,001000,150000,100,498,2387,2387,402
3,10,0,001000,150000,100,617,2644,2583,381
3,10,0,001000,150000,100,39,2368,2319,269
3,10,0,001000,150000,100,902,2423,2353,274
3,10,0,001000,150000,100,455,3040,2983,272
3,10,0,001000,150000,100,768,2474,2474,284
3,10,0,001000,150000,100,120,2490,2374,308
3,10,0,001000,150000,100,593,2470,2403,288
3,10,0,001000,150000,100,834,2622,2614,303
3,10,0,001000,150000,100,206,2707,2575,276
3,10,0,001000,150000,100,319,2459,2415,275
3,10,0,001000,150000,100,650,2693,2620,277
3,10,0,001000,150000,100,77,2529,2429,299
3,10,0,001000,150000,100,982,2704,2584,325
3,10,0,001000,150000,500,523,2679,2635,289
3,10,0,001000,150000,500,87,2667,2655,309
3,10,0,001000,150000,500,999,2739,2600,363
3,10,0,001000,150000,500,341,2585,2457,282
3,10,0,001000,150000,500,712,2935,2812,272
3,10,0,001000,150000,500,65,2753,2638,285
3,10,0,001000,150000,500,488,2957,2886,399
3,10,0,001000,150000,500,230,2330,2186,320
3,10,0,001000,150000,500,901,3045,2865,440
3,10,0,001000,150000,500,144,2694,2577,385
3,10,0,001000,150000,500,378,2935,2807,279
3,10,0,001000,150000,500,654,2616,2521,368
3,10,0,001000,150000,500,29,2631,2517,325
3,10,0,001000,150000,500,810,2555,2484,283
3,10,0,001000,150000,500,472,2567,2509,336
3,10,0,001000,150000,500,193,2764,2606,379
3,10,0,001000,150000,500,556,2792,2739,413
3,10,0,001000,150000,500,721,2665,2602,379
3,10,0,001000,150000,500,88,2872,2709,437
3,10,0,001000,150000,500,402,2583,2481,380
3,10,0,001000,150000,500,615,2561,2433,321
3,10,0,001000,150000,500,777,2807,2710,316
3,10,0,001000,150000,500,5,2576,2513,278
3,10,0,001000,150000,500,268,2668,2614,317
3,10,0,001000,150000,500,349,2862,2860,355
3,10,0,001000,150000,500,920,2529,2445,389
3,10,0,001000,150000,500,431,2620,2568,436
3,10,0,001000,150000,500,602,2872,2792,433
3,10,0,001000,150000,500,118,2500,2450,376
3,10,0,001000,150000,500,745,2845,2728,420
3,10,0,001000,150000,500,864,2478,2398,369
3,10,0,001000,150000,500,52,2617,2600,293
3,10,0,001000,150000,500,390,2793,2754,326
3,10,0,001000,150000,500,281,2386,2283,273
3,10,0,001000,150000,500,973,2440,2328,266
3,10,0,001000,150000,500,167,2877,2793,323
3,10,0,001000,150000,500,459,2592,2497,322
3,10,0,001000,150000,500,630,2720,2663,311
3,10,0,001000,150000,500,204,2742,2665,321
3,10,0,001000,150000,500,851,2538,2483,336
3,10,0,001000,150000,500,76,2800,2689,309
3,10,0,001000,150000,500,538,2579,2498,275
3,10,0,001000,150000,500,692,2971,2835,298
3,10,0,001000,150000,500,314,2559,2559,269
3,10,0,001000,150000,500,947,2492,2415,306
3,10,0,001000,150000,500,183,2454,2392,297
3,10,0,001000,150000,500,420,2756,2674,291
3,10,0,001000,150000,500,559,2756,2649,275
3,10,0,001000,150000,500,601,2861,2785,261
3,10,0,001000,150000,500,732,2598,2500,268
3,10,0,001000,150000,500,11,2769,2692,268
3,10,0,001000,150000,500,298,2516,2414,275
3,10,0,001000,150000,500,467,3045,2998,310
3,10,0,001000,150000,500,825,2572,2468,323
3,10,0,001000,150000,500,940,2615,2583,341
3,10,0,001000,150000,500,156,2579,2562,269
3,10,0,001000,150000,500,377,2643,2559,291
3,10,0,001000,150000,500,688,2681,2639,421
3,10,0,001000,150000,500,249,2600,2474,348
3,10,0,001000,150000,500,563,2698,2698,291
3,10,0,001000,150000,500,704,3027,3027,308
3,10,0,001000,150000,500,92,2619,2604,325
3,10,0,001000,150000,500,815,2658,2658,283
3,10,0,001000,150000,500,333,2451,2349,281
3,10,0,001000,150000,500,478,2591,2553,316
3,10,0,001000,150000,500,690,2581,2557,306
3,10,0,001000,150000,500,27,2608,2492,257
3,10,0,001000,150000,500,954,2710,2646,267
3,10,0,001000,150000,500,382,2433,2390,393
3,10,0,001000,150000,500,611,2288,2144,370
3,10,0,001000,150000,500,743,2752,2655,311
3,10,0,001000,150000,500,159,2592,2524,347
3,10,0,001000,150000,500,888,2354,2312,316
3,10,0,001000,150000,500,266,3063,2933,345
3,10,0,001000,150000,500,531,2550,2370,330
3,10,0,001000,150000,500,679,2856,2815,303
3,10,0,001000,150000,500,803,2502,2499,288
3,10,0,001000,150000,500,47,2851,2794,279
3,10,0,001000,150000,500,995,2693,2689,283
3,10,0,001000,150000,500,214,2828,2757,282
3,10,0,001000,150000,500,362,3024,2893,337
3,10,0,001000,150000,500,580,3069,2946,379
3,10,0,001000,150000,500,721,2665,2590,427
3,10,0,001000,150000,500,134,2698,2602,384
3,10,0,001000,150000,500,846,2674,2613,408
3,10,0,001000,150000,500,271,2623,2526,382
3,10,0,001000,150000,500,498,2387,2387,413
3,10,0,001000,150000,500,617,2644,2606,311
3,10,0,001000,150000,500,39,2368,2266,368
3,10,0,001000,150000,500,902,2423,2380,305
3,10,0,001000,150000,500,455,3040,2907,296
3,10,0,001000,150000,500,768,2474,2469,271
3,10,0,001000,150000,500,120,2490,2384,268
3,10,0,001000,150000,500,593,2470,2364,266
3,10,0,001000,150000,500,834,2622,2599,276
3,10,0,001000,150000,500,206,2707,2584,276
3,10,0,001000,150000,500,319,2459,2389,267
3,10,0,001000,150000,500,650,2693,2619,394
3,10,0,001000,150000,500,77,2529,2439,343
3,10,0,001000,150000,500,982,2704,2558,363
3,10,0,001000,150000,1000,523,2679,2647,334
3,10,0,001000,150000,1000,87,2667,2645,389
3,10,0,001000,150000,1000,999,2739,2607,386
3,10,0,001000,150000,1000,341,2585,2509,321
3,10,0,001000,150000,1000,712,2935,2821,279
3,10,0,001000,150000,1000,65,2753,2559,269
3,10,0,001000,150000,1000,488,2957,2857,289
3,10,0,001000,150000,1000,230,2330,2247,279
3,10,0,001000,150000,1000,901,3045,2880,277
3,10,0,001000,150000,1000,144,2694,2585,389
3,10,0,001000,150000,1000,378,2935,2863,405
3,10,0,001000,150000,1000,654,2616,2573,353
3,10,0,001000,150000,1000,29,2631,2489,321
3,10,0,001000,150000,1000,810,2555,2538,308
3,10,0,001000,150000,1000,472,2567,2491,283
3,10,0,001000,150000,1000,193,2764,2622,283
3,10,0,001000,150000,1000,556,2792,2714,396
3,10,0,001000,150000,1000,721,2665,2607,429
3,10,0,001000,150000,1000,88,2872,2759,339
3,10,0,001000,150000,1000,402,2583,2520,353
3,10,0,001000,150000,1000,615,2561,2465,350
3,10,0,001000,150000,1000,777,2807,2712,288
3,10,0,001000,150000,1000,5,2576,2535,290
3,10,0,001000,150000,1000,268,2668,2611,293
3,10,0,001000,150000,1000,349,2862,2843,285
3,10,0,001000,150000,1000,920,2529,2444,270
3,10,0,001000,150000,1000,431,2620,2576,317
3,10,0,001000,150000,1000,602,2872,2795,425
3,10,0,001000,150000,1000,118,2500,2428,429
3,10,0,001000,150000,1000,745,2845,2773,294
3,10,0,001000,150000,1000,864,2478,2402,260
3,10,0,001000,150000,1000,52,2617,2617,267
3,10,0,001000,150000,1000,390,2793,2718,322
3,10,0,001000,150000,1000,281,2386,2312,299
3,10,0,001000,150000,1000,973,2440,2346,316
3,10,0,001000,150000,1000,167,2877,2806,375
3,10,0,001000,150000,1000,459,2592,2506,371
3,10,0,001000,150000,1000,630,2720,2720,374
3,10,0,001000,150000,1000,204,2742,2665,285
3,10,0,001000,150000,1000,851,2538,2465,378
3,10,0,001000,150000,1000,76,2800,2679,338
3,10,0,001000,150000,1000,538,2579,2568,424
3,10,0,001000,150000,1000,692,2971,2859,388
3,10,0,001000,150000,1000,314,2559,2531,400
3,10,0,001000,150000,1000,947,2492,2465,358
3,10,0,001000,150000,1000,183,2454,2393,310
3,10,0,001000,150000,1000,420,2756,2698,278
3,10,0,001000,150000,1000,559,2756,2614,296
3,10,0,001000,150000,1000,601,2861,2767,271
3,10,0,001000,150000,1000,732,2598,2522,292
3,10,0,001000,150000,1000,11,2769,2664,340
3,10,0,001000,150000,1000,298,2516,2418,355
3,10,0,001000,150000,1000,467,3045,3001,366
3,10,0,001000,150000,1000,825,2572,2485,272
3,10,0,001000,150000,1000,940,2615,2574,366
3,10,0,001000,150000,1000,156,2579,2548,309
3,10,0,001000,150000,1000,377,2643,2520,322
3,10,0,001000,150000,1000,688,2681,2632,310
3,10,0,001000,150000,1000,249,2600,2511,377
3,10,0,001000,150000,1000,563,2698,2671,324
3,10,0,001000,150000,1000,704,3027,3013,359
3,10,0,001000,150000,1000,92,2619,2578,385
3,10,0,001000,150000,1000,815,2658,2647,340
3,10,0,001000,150000,1000,333,2451,2339,320
3,10,0,001000,150000,1000,478,2591,2554,331
3,10,0,001000,150000,1000,690,2581,2553,361
3,10,0,001000,150000,1000,27,2608,2465,334
3,10,0,001000,150000,1000,954,2710,2628,312
3,10,0,001000,150000,1000,382,2433,2420,303
3,10,0,001000,150000,1000,611,2288,2183,291
3,10,0,001000,150000,1000,743,2752,2687,390
3,10,0,001000,150000,1000,159,2592,2562,333
3,10,0,001000,150000,1000,888,2354,2354,376
3,10,0,001000,150000,1000,266,3063,2891,380
3,10,0,001000,150000,1000,531,2550,2417,379
3,10,0,001000,150000,1000,679,2856,2803,358
3,10,0,001000,150000,1000,803,2502,2476,421
3,10,0,001000,150000,1000,47,2851,2851,352
3,10,0,001000,150000,1000,995,2693,2689,327
3,10,0,001000,150000,1000,214,2828,2734,349
3,10,0,001000,150000,1000,362,3024,2908,338
3,10,0,001000,150000,1000,580,3069,2962,367
3,10,0,001000,150000,1000,721,2665,2587,358
3,10,0,001000,150000,1000,134,2698,2627,397
3,10,0,001000,150000,1000,846,2674,2620,428
3,10,0,001000,150000,1000,271,2623,2566,327
3,10,0,001000,150000,1000,498,2387,2383,377
3,10,0,001000,150000,1000,617,2644,2594,345
3,10,0,001000,150000,1000,39,2368,2313,314
3,10,0,001000,150000,1000,902,2423,2365,298
3,10,0,001000,150000,1000,455,3040,2908,300
3,10,0,001000,150000,1000,768,2474,2456,324
3,10,0,001000,150000,1000,120,2490,2387,357
3,10,0,001000,150000,1000,593,2470,2387,284
3,10,0,001000,150000,1000,834,2622,2617,309
3,10,0,001000,150000,1000,206,2707,2587,378
3,10,0,001000,150000,1000,319,2459,2378,279
3,10,0,001000,150000,1000,650,2693,2609,288
3,10,0,001000,150000,1000,77,2529,2437,295
3,10,0,001000,150000,1000,982,2704,2600,296
3,10,0,001000,150000,5000,523,2679,2642,284
3,10,0,001000,150000,5000,87,2667,2667,281
3,10,0,001000,150000,5000,999,2739,2559,292
3,10,0,001000,150000,5000,341,2585,2434,282
3,10,0,001000,150000,5000,712,2935,2808,306
3,10,0,001000,150000,5000,65,2753,2622,323
3,10,0,001000,150000,5000,488,2957,2913,314
3,10,0,001000,150000,5000,230,2330,2241,323
3,10,0,001000,150000,5000,901,3045,2897,323
3,10,0,001000,150000,5000,144,2694,2627,278
3,10,0,001000,150000,5000,378,2935,2815,269
3,10,0,001000,150000,5000,654,2616,2584,274
3,10,0,001000,150000,5000,29,2631,2522,295
3,10,0,001000,150000,5000,810,2555,2488,271
3,10,0,001000,150000,5000,472,2567,2491,277
3,10,0,001000,150000,5000,193,2764,2601,274
3,10,0,001000,150000,5000,556,2792,2781,301
3,10,0,001000,150000,5000,721,2665,2613,352
3,10,0,001000,150000,5000,88,2872,2748,316
3,10,0,001000,150000,5000,402,2583,2511,303
3,10,0,001000,150000,5000,615,2561,2460,275
3,10,0,001000,150000,5000,777,2807,2746,281
3,10,0,001000,150000,5000,5,2576,2529,305
3,10,0,001000,150000,5000,268,2668,2668,325
3,10,0,001000,150000,5000,349,2862,2847,307
3,10,0,001000,150000,5000,920,2529,2453,283
3,10,0,001000,150000,5000,431,2620,2620,334
3,10,0,001000,150000,5000,602,2872,2798,303
3,10,0,001000,150000,5000,118,2500,2500,264
3,10,0,001000,150000,5000,745,2845,2768,301
3,10,0,001000,150000,5000,864,2478,2386,280
3,10,0,001000,150000,5000,52,2617,2617,321
3,10,0,001000,150000,5000,390,2793,2793,290
3,10,0,001000,150000,5000,281,2386,2307,272
3,10,0,001000,150000,5000,973,2440,2334,270
3,10,0,001000,150000,5000,167,2877,2802,293
3,10,0,001000,150000,5000,459,2592,2515,371
3,10,0,001000,150000,5000,630,2720,2709,380
3,10,0,001000,150000,5000,204,2742,2675,384
3,10,0,001000,150000,5000,851,2538,2439,317
3,10,0,001000,150000,5000,76,2800,2746,286
3,10,0,001000,150000,5000,538,2579,2513,274
3,10,0,001000,150000,5000,692,2971,2850,271
3,10,0,001000,150000,5000,314,2559,2546,274
3,10,0,001000,150000,5000,947,2492,2478,272
3,10,0,001000,150000,5000,183,2454,2414,276
3,10,0,001000,150000,5000,420,2756,2730,319
3,10,0,001000,150000,5000,559,2756,2651,286
3,10,0,001000,150000,5000,601,2861,2792,297
3,10,0,001000,150000,5000,732,2598,2516,343
3,10,0,001000,150000,5000,11,2769,2715,294
3,10,0,001000,150000,5000,298,2516,2453,294
3,10,0,001000,150000,5000,467,3045,3035,356
3,10,0,001000,150000,5000,825,2572,2493,286
3,10,0,001000,150000,5000,940,2615,2615,291
3,10,0,001000,150000,5000,156,2579,2564,316
3,10,0,001000,150000,5000,377,2643,2542,342
3,10,0,001000,150000,5000,688,2681,2637,385
3,10,0,001000,150000,5000,249,2600,2480,392
3,10,0,001000,150000,5000,563,2698,2698,311
3,10,0,001000,150000,5000,704,3027,3027,334
3,10,0,001000,150000,5000,92,2619,2595,346
3,10,0,001000,150000,5000,815,2658,2634,369
3,10,0,001000,150000,5000,333,2451,2429,313
3,10,0,001000,150000,5000,478,2591,2587,269
3,10,0,001000,150000,5000,690,2581,2581,298
3,10,0,001000,150000,5000,27,2608,2495,262
3,10,0,001000,150000,5000,954,2710,2651,284
3,10,0,001000,150000,5000,382,2433,2393,272
3,10,0,001000,150000,5000,611,2288,2128,352
3,10,0,001000,150000,5000,743,2752,2698,331
3,10,0,001000,150000,5000,159,2592,2592,276
3,10,0,001000,150000,5000,888,2354,2303,284
3,10,0,001000,150000,5000,266,3063,2915,311
3,10,0,001000,150000,5000,531,2550,2479,282
3,10,0,001000,150000,5000,679,2856,2856,263
3,10,0,001000,150000,5000,803,2502,2502,269
3,10,0,001000,150000,5000,47,2851,2851,291
3,10,0,001000,150000,5000,995,2693,2693,304
3,10,0,001000,150000,5000,214,2828,2777,318
3,10,0,001000,150000,5000,362,3024,2950,276
3,10,0,001000,150000,5000,580,3069,2977,271
3,10,0,001000,150000,5000,721,2665,2648,277
3,10,0,001000,150000,5000,134,2698,2690,333
3,10,0,001000,150000,5000,846,2674,2610,377
3,10,0,001000,150000,5000,271,2623,2553,262
3,10,0,001000,150000,5000,498,2387,2387,270
3,10,0,001000,150000,5000,617,2644,2622,275
3,10,0,001000,150000,5000,39,2368,2312,264
3,10,0,001000,150000,5000,902,2423,2360,271
3,10,0,001000,150000,5000,455,3040,2928,316
3,10,0,001000,150000,5000,768,2474,2432,345
3,10,0,001000,150000,5000,120,2490,2398,317
3,10,0,001000,150000,5000,593,2470,2399,259
3,10,0,001000,150000,5000,834,2622,2622,278
3,10,0,001000,150000,5000,206,2707,2618,269
3,10,0,001000,150000,5000,319,2459,2389,355
3,10,0,001000,150000,5000,650,2693,2646,352
3,10,0,001000,150000,5000,77,2529,2485,286
3,10,0,001000,150000,5000,982,2704,2630,288
3,10,0,001000,150000,10000,523,2679,2679,268
3,10,0,001000,150000,10000,87,2667,2667,274
3,10,0,001000,150000,10000,999,2739,2578,268
3,10,0,001000,150000,10000,341,2585,2484,296
3,10,0,001000,150000,10000,712,2935,2841,335
3,10,0,001000,150000,10000,65,2753,2636,331
3,10,0,001000,150000,10000,488,2957,2901,269
3,10,0,001000,150000,10000,230,2330,2248,262
3,10,0,001000,150000,10000,901,3045,2931,334
3,10,0,001000,150000,10000,144,2694,2634,291
3,10,0,001000,150000,10000,378,2935,2910,275
3,10,0,001000,150000,10000,654,2616,2564,275
3,10,0,001000,150000,10000,29,2631,2533,281
3,10,0,001000,150000,10000,810,2555,2491,312
3,10,0,001000,150000,10000,472,2567,2529,368
3,10,0,001000,150000,10000,193,2764,2644,370
3,10,0,001000,150000,10000,556,2792,2723,345
3,10,0,001000,150000,10000,721,2665,2605,281
3,10,0,001000,150000,10000,88,2872,2747,269
3,10,0,001000,150000,10000,402,2583,2489,286
3,10,0,001000,150000,10000,615,2561,2439,277
3,10,0,001000,150000,10000,777,2807,2693,279
3,10,0,001000,150000,10000,5,2576,2529,280
3,10,0,001000,150000,10000,268,2668,2666,337
3,10,0,001000,150000,10000,349,2862,2851,281
3,10,0,001000,150000,10000,920,2529,2457,291
3,10,0,001000,150000,10000,431,2620,2620,305
3,10,0,001000,150000,10000,602,2872,2777,302
3,10,0,001000,150000,10000,118,2500,2397,266
3,10,0,001000,150000,10000,745,2845,2803,304
3,10,0,001000,150000,10000,864,2478,2353,368
3,10,0,001000,150000,10000,52,2617,2564,303
3,10,0,001000,150000,10000,390,2793,2745,332
3,10,0,001000,150000,10000,281,2386,2332,261
3,10,0,001000,150000,10000,973,2440,2404,281
3,10,0,001000,150000,10000,167,2877,2836,281
3,10,0,001000,150000,10000,459,2592,2566,272
3,10,0,001000,150000,10000,630,2720,2707,283
3,10,0,001000,150000,10000,204,2742,2643,288
3,10,0,001000,150000,10000,851,2538,2444,373
3,10,0,001000,150000,10000,76,2800,2739,289
3,10,0,001000,150000,10000,538,2579,2501,268
3,10,0,001000,150000,10000,692,2971,2880,268
3,10,0,001000,150000,10000,314,2559,2531,271
3,10,0,001000,150000,10000,947,2492,2492,276
3,10,0,001000,150000,10000,183,2454,2367,279
3,10,0,001000,150000,10000,420,2756,2756,274
3,10,0,001000,150000,10000,559,2756,2692,271
3,10,0,001000,150000,10000,601,2861,2829,287
3,10,0,001000,150000,10000,732,2598,2535,268
3,10,0,001000,150000,10000,11,2769,2714,275
3,10,0,001000,150000,10000,298,2516,2476,267
3,10,0,001000,150000,10000,467,3045,3013,276
3,10,0,001000,150000,10000,825,2572,2497,264
3,10,0,001000,150000,10000,940,2615,2613,280
3,10,0,001000,150000,10000,156,2579,2579,282
3,10,0,001000,150000,10000,377,2643,2602,268
3,10,0,001000,150000,10000,688,2681,2675,294
3,10,0,001000,150000,10000,249,2600,2548,263
3,10,0,001000,150000,10000,563,2698,2698,287
3,10,0,001000,150000,10000,704,3027,3007,293
3,10,0,001000,150000,10000,92,2619,2616,345
3,10,0,001000,150000,10000,815,2658,2658,290
3,10,0,001000,150000,10000,333,2451,2378,271
3,10,0,001000,150000,10000,478,2591,2572,267
3,10,0,001000,150000,10000,690,2581,2581,321
3,10,0,001000,150000,10000,27,2608,2438,316
3,10,0,001000,150000,10000,954,2710,2643,318
3,10,0,001000,150000,10000,382,2433,2433,275
3,10,0,001000,150000,10000,611,2288,2211,269
3,10,0,001000,150000,10000,743,2752,2744,267
3,10,0,001000,150000,10000,159,2592,2592,273
3,10,0,001000,150000,10000,888,2354,2326,268
3,10,0,001000,150000,10000,266,3063,2918,272
3,10,0,001000,150000,10000,531,2550,2451,293
3,10,0,001000,150000,10000,679,2856,2798,329
3,10,0,001000,150000,10000,803,2502,2502,292
3,10,0,001000,150000,10000,47,2851,2851,346
3,10,0,001000,150000,10000,995,2693,2671,324
3,10,0,001000,150000,10000,214,2828,2788,274
3,10,0,001000,150000,10000,362,3024,2912,272
3,10,0,001000,150000,10000,580,3069,2962,279
3,10,0,001000,150000,10000,721,2665,2619,282
3,10,0,001000,150000,10000,134,2698,2629,394
3,10,0,001000,150000,10000,846,2674,2674,274
3,10,0,001000,150000,10000,271,2623,2523,266
3,10,0,001000,150000,10000,498,2387,2387,271
3,10,0,001000,150000,10000,617,2644,2594,275
3,10,0,001000,150000,10000,39,2368,2305,272
3,10,0,001000,150000,10000,902,2423,2354,271
3,10,0,001000,150000,10000,455,3040,2925,277
3,10,0,001000,150000,10000,768,2474,2474,266
3,10,0,001000,150000,10000,120,2490,2430,264
3,10,0,001000,150000,10000,593,2470,2375,260
3,10,0,001000,150000,10000,834,2622,2610,268
3,10,0,001000,150000,10000,206,2707,2629,274
3,10,0,001000,150000,10000,319,2459,2459,266
3,10,0,001000,150000,10000,650,2693,2650,269
3,10,0,001000,150000,10000,77,2529,2494,283
3,10,0,001000,150000,10000,982,2704,2586,271
3,10,0,001000,150000,50000,523,2679,2679,277
3,10,0,001000,150000,50000,87,2667,2667,292
3,10,0,001000,150000,50000,999,2739,2582,280
3,10,0,001000,150000,50000,341,2585,2462,288
3,10,0,001000,150000,50000,712,2935,2835,277
3,10,0,001000,150000,50000,65,2753,2679,282
3,10,0,001000,150000,50000,488,2957,2895,285
3,10,0,001000,150000,50000,230,2330,2264,296
3,10,0,001000,150000,50000,901,3045,2910,290
3,10,0,001000,150000,50000,144,2694,2641,306
3,10,0,001000,150000,50000,378,2935,2935,279
3,10,0,001000,150000,50000,654,2616,2541,294
3,10,0,001000,150000,50000,29,2631,2631,282
3,10,0,001000,150000,50000,810,2555,2512,280
3,10,0,001000,150000,50000,472,2567,2515,285
3,10,0,001000,150000,50000,193,2764,2582,276
3,10,0,001000,150000,50000,556,2792,2728,290
3,10,0,001000,150000,50000,721,2665,2638,287
3,10,0,001000,150000,50000,88,2872,2801,322
3,10,0,001000,150000,50000,402,2583,2528,285
3,10,0,001000,150000,50000,615,2561,2460,282
3,10,0,001000,150000,50000,777,2807,2737,334
3,10,0,001000,150000,50000,5,2576,2511,283
3,10,0,001000,150000,50000,268,2668,2635,280
3,10,0,001000,150000,50000,349,2862,2858,291
3,10,0,001000,150000,50000,920,2529,2467,276
3,10,0,001000,150000,50000,431,2620,2620,284
3,10,0,001000,150000,50000,602,2872,2814,283
3,10,0,001000,150000,50000,118,2500,2415,277
3,10,0,001000,150000,50000,745,2845,2753,297
3,10,0,001000,150000,50000,864,2478,2408,271
3,10,0,001000,150000,50000,52,2617,2617,275
3,10,0,001000,150000,50000,390,2793,2790,306
3,10,0,001000,150000,50000,281,2386,2368,269
3,10,0,001000,150000,50000,973,2440,2356,272
3,10,0,001000,150000,50000,167,2877,2844,302
3,10,0,001000,150000,50000,459,2592,2490,281
3,10,0,001000,150000,50000,630,2720,2720,285
3,10,0,001000,150000,50000,204,2742,2673,291
3,10,0,001000,150000,50000,851,2538,2498,282
3,10,0,001000,150000,50000,76,2800,2762,282
3,10,0,001000,150000,50000,538,2579,2528,289
3,10,0,001000,150000,50000,692,2971,2820,279
3,10,0,001000,150000,50000,314,2559,2523,285
3,10,0,001000,150000,50000,947,2492,2492,283
3,10,0,001000,150000,50000,183,2454,2412,286
3,10,0,001000,150000,50000,420,2756,2718,285
3,10,0,001000,150000,50000,559,2756,2669,280
3,10,0,001000,150000,50000,601,2861,2819,277
3,10,0,001000,150000,50000,732,2598,2530,274
3,10,0,001000,150000,50000,11,2769,2727,282
3,10,0,001000,150000,50000,298,2516,2457,285
3,10,0,001000,150000,50000,467,3045,3045,305
3,10,0,001000,150000,50000,825,2572,2479,271
3,10,0,001000,150000,50000,940,2615,2596,283
3,10,0,001000,150000,50000,156,2579,2579,301
3,10,0,001000,150000,50000,377,2643,2588,281
3,10,0,001000,150000,50000,688,2681,2681,279
3,10,0,001000,150000,50000,249,2600,2496,289
3,10,0,001000,150000,50000,563,2698,2698,294
3,10,0,001000,150000,50000,704,3027,3027,292
3,10,0,001000,150000,50000,92,2619,2619,283
3,10,0,001000,150000,50000,815,2658,2625,284
3,10,0,001000,150000,50000,333,2451,2386,282
3,10,0,001000,150000,50000,478,2591,2558,287
3,10,0,001000,150000,50000,690,2581,2553,285
3,10,0,001000,150000,50000,27,2608,2457,273
3,10,0,001000,150000,50000,954,2710,2659,282
3,10,0,001000,150000,50000,382,2433,2433,276
3,10,0,001000,150000,50000,611,2288,2185,273
3,10,0,001000,150000,50000,743,2752,2699,277
3,10,0,001000,150000,50000,159,2592,2578,286
3,10,0,001000,150000,50000,888,2354,2290,277
3,10,0,001000,150000,50000,266,3063,2928,278
3,10,0,001000,150000,50000,531,2550,2484,286
3,10,0,001000,150000,50000,679,2856,2801,301
3,10,0,001000,150000,50000,803,2502,2502,276
3,10,0,001000,150000,50000,47,2851,2851,279
3,10,0,001000,150000,50000,995,2693,2693,309
3,10,0,001000,150000,50000,214,2828,2760,274
3,10,0,001000,150000,50000,362,3024,2900,282
3,10,0,001000,150000,50000,580,3069,2968,290
3,10,0,001000,150000,50000,721,2665,2627,282
3,10,0,001000,150000,50000,134,2698,2696,277
3,10,0,001000,150000,50000,846,2674,2669,298
3,10,0,001000,150000,50000,271,2623,2560,275
3,10,0,001000,150000,50000,498,2387,2387,281
3,10,0,001000,150000,50000,617,2644,2644,290
3,10,0,001000,150000,50000,39,2368,2316,277
3,10,0,001000,150000,50000,902,2423,2382,282
3,10,0,001000,150000,50000,455,3040,2946,290
3,10,0,001000,150000,50000,768,2474,2474,282
3,10,0,001000,150000,50000,120,2490,2394,277
3,10,0,001000,150000,50000,593,2470,2358,275
3,10,0,001000,150000,50000,834,2622,2622,280
3,10,0,001000,150000,50000,206,2707,2621,288
3,10,0,001000,150000,50000,319,2459,2447,278
3,10,0,001000,150000,50000,650,2693,2647,279
3,10,0,001000,150000,50000,77,2529,2481,305
3,10,0,001000,150000,50000,982,2704,2615,274
